Timestamp;Variable;Value
26-06-2018 10:08:10;A;777
21-11-2018 09:41:49;A;375
17-06-2018 15:55:41;A;282
21-05-2018 02:03:26;A;381
27-01-2018 04:58:48;A;324
17-11-2018 03:26:19;A;926
07-06-2018 08:15:55;A;888
10-03-2018 10:10:22;A;773
06-12-2018 19:39:10;A;591
22-04-2018 07:32:03;A;664
15-09-2018 02:55:59;A;832
11-11-2018 10:44:53;A;887
26-06-2018 01:54:34;A;102
18-06-2018 20:05:54;A;249
12-02-2018 20:00:20;A;610
24-07-2018 21:48:36;A;386
14-09-2018 13:08:44;A;396
28-09-2018 18:40:20;A;647
31-10-2018 09:40:43;A;253
21-12-2018 23:28:22;A;345
12-11-2018 17:46:46;A;15
24-09-2018 17:49:17;A;321
15-04-2018 05:55:51;A;474
11-11-2018 19:53:30;A;532
11-08-2018 21:43:21;A;212
14-06-2018 18:53:03;A;355
01-04-2018 12:55:14;A;380
24-04-2018 11:38:39;A;703
01-10-2018 22:04:48;A;597
05-08-2018 23:56:27;A;681
07-03-2018 17:43:06;A;757
25-05-2018 04:40:14;A;558
28-04-2018 23:46:36;A;801
13-06-2018 14:53:41;A;950
21-01-2018 20:55:47;A;274
11-04-2018 10:39:39;A;467
01-03-2018 06:09:19;A;488
13-11-2018 05:17:46;A;387
25-11-2018 02:32:37;A;787
29-06-2018 13:52:17;A;69
26-03-2018 12:42:01;A;475
18-01-2018 07:57:54;A;165
18-04-2018 13:48:24;A;65
28-04-2018 15:03:22;A;671
31-07-2018 18:51:14;A;994
17-08-2018 00:50:40;A;643
21-11-2018 09:41:49;A;377
03-03-2018 14:35:52;A;996
06-06-2018 12:12:50;A;519
14-08-2018 13:27:59;A;284
30-01-2018 08:43:32;A;932
04-02-2018 14:35:42;A;332
20-10-2018 03:00:39;A;709
24-04-2018 23:42:01;A;662
29-03-2018 06:09:14;A;463
08-08-2018 11:21:47;A;415
04-09-2018 01:10:20;A;588
01-03-2018 08:24:40;A;485
10-06-2018 12:45:59;A;245
26-03-2018 23:22:09;A;563
16-08-2018 15:01:08;A;897
11-06-2018 22:15:23;A;435
11-08-2018 16:00:11;A;494
03-01-2018 10:40:19;A;884
12-08-2018 02:45:21;A;736
21-12-2018 02:21:55;A;361
06-03-2018 17:51:01;A;192
06-03-2018 23:35:11;A;888
31-05-2018 03:28:05;A;217
01-11-2018 06:08:56;A;206
19-03-2018 23:53:59;A;668
26-08-2018 14:42:36;A;920
13-11-2018 18:47:17;A;29
05-01-2018 12:49:54;A;708
21-08-2018 01:40:55;A;632
23-02-2018 22:32:47;A;926
27-03-2018 14:40:30;A;778
07-11-2018 02:40:21;A;481
03-11-2018 04:31:40;A;871
14-04-2018 11:02:22;A;461
25-05-2018 09:46:07;A;833
08-04-2018 20:23:18;A;483
12-04-2018 03:07:47;A;926
29-05-2018 17:54:14;A;692
15-09-2018 01:17:44;A;131
03-11-2018 17:35:29;A;131
27-10-2018 20:36:59;A;219
19-11-2018 22:32:05;A;632
23-04-2018 19:28:40;A;394
24-07-2018 06:05:00;A;209
21-06-2018 15:47:10;A;838
25-07-2018 18:17:23;A;782
01-06-2018 12:44:08;A;709
21-03-2018 13:18:24;A;640
18-02-2018 05:45:38;A;921
30-05-2018 00:34:23;A;483
10-03-2018 11:37:48;A;908
16-06-2018 11:41:10;A;620
13-06-2018 09:19:01;A;262
19-12-2018 00:27:10;A;392
19-06-2018 07:11:31;A;736
26-06-2018 10:08:10;B;625
21-11-2018 09:41:49;B;650
17-06-2018 15:55:41;B;736
21-05-2018 02:03:26;B;884
27-01-2018 04:58:48;B;806
17-11-2018 03:26:19;B;397
07-06-2018 08:15:55;B;79
10-03-2018 10:10:22;B;56
06-12-2018 19:39:10;B;409
22-04-2018 07:32:03;B;500
15-09-2018 02:55:59;B;626
11-11-2018 10:44:53;B;512
26-06-2018 01:54:34;B;228
18-06-2018 20:05:54;B;270
12-02-2018 20:00:20;B;679
24-07-2018 21:48:36;B;919
14-09-2018 13:08:44;B;303
28-09-2018 18:40:20;B;788
31-10-2018 09:40:43;B;392
21-12-2018 23:28:22;B;695
12-11-2018 17:46:46;B;26
24-09-2018 17:49:17;B;997
15-04-2018 05:55:51;B;863
11-11-2018 19:53:30;B;438
11-08-2018 21:43:21;B;569
14-06-2018 18:53:03;B;877
01-04-2018 12:55:14;B;987
24-04-2018 11:38:39;B;563
01-10-2018 22:04:48;B;938
05-08-2018 23:56:27;B;669
07-03-2018 17:43:06;B;599
25-05-2018 04:40:14;B;467
28-04-2018 23:46:36;B;846
13-06-2018 14:53:41;B;810
21-01-2018 20:55:47;B;70
11-04-2018 10:39:39;B;19
01-03-2018 06:09:19;B;492
13-11-2018 05:17:46;B;652
25-11-2018 02:32:37;B;38
29-06-2018 13:52:17;B;404
26-03-2018 12:42:01;B;247
18-01-2018 07:57:54;B;543
18-04-2018 13:48:24;B;847
28-04-2018 15:03:22;B;839
31-07-2018 18:51:14;B;87
17-08-2018 00:50:40;B;966
03-03-2018 14:35:52;B;611
06-06-2018 12:12:50;B;388
14-08-2018 13:27:59;B;548
30-01-2018 08:43:32;B;83
04-02-2018 14:35:42;B;407
20-10-2018 03:00:39;B;358
24-04-2018 23:42:01;B;787
29-03-2018 06:09:14;B;537
08-08-2018 11:21:47;B;510
04-09-2018 01:10:20;B;262
01-03-2018 08:24:40;B;661
10-06-2018 12:45:59;B;407
26-03-2018 23:22:09;B;224
16-08-2018 15:01:08;B;378
11-06-2018 22:15:23;B;756
11-08-2018 16:00:11;B;238
03-01-2018 10:40:19;B;125
12-08-2018 02:45:21;B;592
21-12-2018 02:21:55;B;741
06-03-2018 17:51:01;B;951
06-03-2018 23:35:11;B;183
31-05-2018 03:28:05;B;890
01-11-2018 06:08:56;B;740
19-03-2018 23:53:59;B;370
26-08-2018 14:42:36;B;400
13-11-2018 18:47:17;B;396
05-01-2018 12:49:54;B;15
21-08-2018 01:40:55;B;399
23-02-2018 22:32:47;B;715
27-03-2018 14:40:30;B;968
07-11-2018 02:40:21;B;106
03-11-2018 04:31:40;B;292
14-04-2018 11:02:22;B;11
25-05-2018 09:46:07;B;845
08-04-2018 20:23:18;B;235
12-04-2018 03:07:47;B;191
29-05-2018 17:54:14;B;728
15-09-2018 01:17:44;B;391
03-11-2018 17:35:29;B;823
27-10-2018 20:36:59;B;26
19-11-2018 22:32:05;B;443
23-04-2018 19:28:40;B;416
24-07-2018 06:05:00;B;337
21-06-2018 15:47:10;B;269
25-07-2018 18:17:23;B;260
01-06-2018 12:44:08;B;767
21-03-2018 13:18:24;B;913
18-02-2018 05:45:38;B;596
30-05-2018 00:34:23;B;740
10-03-2018 11:37:48;B;668
16-06-2018 11:41:10;B;696
13-06-2018 09:19:01;B;42
19-12-2018 00:27:10;B;400
19-06-2018 07:11:31;B;404
26-06-2018 10:08:10;C;686
21-11-2018 09:41:49;C;367
17-06-2018 15:55:41;C;819
21-05-2018 02:03:26;C;955
27-01-2018 04:58:48;C;655
17-11-2018 03:26:19;C;935
07-06-2018 08:15:55;C;162
10-03-2018 10:10:22;C;61
06-12-2018 19:39:10;C;806
22-04-2018 07:32:03;C;847
15-09-2018 02:55:59;C;314
11-11-2018 10:44:53;C;236
26-06-2018 01:54:34;C;366
18-06-2018 20:05:54;C;204
12-02-2018 20:00:20;C;496
24-07-2018 21:48:36;C;965
14-09-2018 13:08:44;C;203
05-08-2018 23:56:27;C;111
28-09-2018 18:40:20;C;443
31-10-2018 09:40:43;C;27
21-12-2018 23:28:22;C;661
12-11-2018 17:46:46;C;821
24-09-2018 17:49:17;C;681
15-04-2018 05:55:51;C;722
11-11-2018 19:53:30;C;285
11-08-2018 21:43:21;C;847
14-06-2018 18:53:03;C;178
01-04-2018 12:55:14;C;699
24-04-2018 11:38:39;C;337
01-10-2018 22:04:48;C;888
05-08-2018 23:56:27;C;829
07-03-2018 17:43:06;C;39
25-05-2018 04:40:14;C;62
28-04-2018 23:46:36;C;432
13-06-2018 14:53:41;C;548
21-01-2018 20:55:47;C;764
11-04-2018 10:39:39;C;560
01-03-2018 06:09:19;C;999
13-11-2018 05:17:46;C;506
25-11-2018 02:32:37;C;137
29-06-2018 13:52:17;C;15
26-03-2018 12:42:01;C;658
18-01-2018 07:57:54;C;678
18-04-2018 13:48:24;C;714
28-04-2018 15:03:22;C;756
31-07-2018 18:51:14;C;23
17-08-2018 00:50:40;C;883
03-03-2018 14:35:52;C;356
06-06-2018 12:12:50;C;121
14-08-2018 13:27:59;C;107
30-01-2018 08:43:32;C;316
04-02-2018 14:35:42;C;358
20-10-2018 03:00:39;C;284
24-04-2018 23:42:01;C;761
29-03-2018 06:09:14;C;231
08-08-2018 11:21:47;C;47
04-09-2018 01:10:20;C;734
01-03-2018 08:24:40;C;996
10-06-2018 12:45:59;C;253
26-03-2018 23:22:09;C;413
16-08-2018 15:01:08;C;824
11-06-2018 22:15:23;C;932
11-08-2018 16:00:11;C;407
12-08-2018 02:45:21;C;793
21-12-2018 02:21:55;C;625
06-03-2018 17:51:01;C;431
06-03-2018 23:35:11;C;216
31-05-2018 03:28:05;C;826
01-11-2018 06:08:56;C;401
19-03-2018 23:53:59;C;704
26-08-2018 14:42:36;C;109
13-11-2018 18:47:17;C;780
05-01-2018 12:49:54;C;11
21-08-2018 01:40:55;C;523
23-02-2018 22:32:47;C;559
27-03-2018 14:40:30;C;894
07-11-2018 02:40:21;C;141
03-11-2018 04:31:40;C;140
14-04-2018 11:02:22;C;808
25-05-2018 09:46:07;C;17
08-04-2018 20:23:18;C;605
12-04-2018 03:07:47;C;318
29-05-2018 17:54:14;C;639
15-09-2018 01:17:44;C;615
03-11-2018 17:35:29;C;562
27-10-2018 20:36:59;C;313
19-11-2018 22:32:05;C;77
23-04-2018 19:28:40;C;666
24-07-2018 06:05:00;C;108
21-06-2018 15:47:10;C;823
25-07-2018 18:17:23;C;627
01-06-2018 12:44:08;C;183
21-03-2018 13:18:24;C;238
18-02-2018 05:45:38;C;481
30-05-2018 00:34:23;C;448
10-03-2018 11:37:48;C;237
16-06-2018 11:41:10;C;222
13-06-2018 09:19:01;C;817
19-12-2018 00:27:10;C;462
19-06-2018 07:11:31;C;285
26-06-2018 10:08:10;D;659
21-11-2018 09:41:49;D;554
17-06-2018 15:55:41;D;550
21-05-2018 02:03:26;D;331
27-01-2018 04:58:48;D;431
17-11-2018 03:26:19;D;855
07-06-2018 08:15:55;D;837
10-03-2018 10:10:22;D;808
06-12-2018 19:39:10;D;935
22-04-2018 07:32:03;D;576
15-09-2018 02:55:59;D;441
11-11-2018 10:44:53;D;461
26-06-2018 01:54:34;D;160
18-06-2018 20:05:54;D;498
12-02-2018 20:00:20;D;689
24-07-2018 21:48:36;D;297
14-09-2018 13:08:44;D;327
28-09-2018 18:40:20;D;406
31-10-2018 09:40:43;D;931
21-12-2018 23:28:22;D;135
12-11-2018 17:46:46;D;180
24-09-2018 17:49:17;D;318
15-04-2018 05:55:51;D;399
11-11-2018 19:53:30;D;277
11-08-2018 21:43:21;D;582
14-06-2018 18:53:03;D;364
01-04-2018 12:55:14;D;31
24-04-2018 11:38:39;D;410
01-10-2018 22:04:48;D;902
05-08-2018 23:56:27;D;399
07-03-2018 17:43:06;D;924
25-05-2018 04:40:14;D;472
28-04-2018 23:46:36;D;447
13-06-2018 14:53:41;D;479
21-01-2018 20:55:47;D;523
11-04-2018 10:39:39;D;192
01-03-2018 06:09:19;D;713
13-11-2018 05:17:46;D;255
25-11-2018 02:32:37;D;19
29-06-2018 13:52:17;D;932
26-03-2018 12:42:01;D;605
18-01-2018 07:57:54;D;709
18-04-2018 13:48:24;D;750
28-04-2018 15:03:22;D;228
31-07-2018 18:51:14;D;539
17-08-2018 00:50:40;D;899
03-03-2018 14:35:52;D;898
06-06-2018 12:12:50;D;771
14-08-2018 13:27:59;D;763
30-01-2018 08:43:32;D;983
04-02-2018 14:35:42;D;1
20-10-2018 03:00:39;D;624
24-04-2018 23:42:01;D;702
29-03-2018 06:09:14;D;484
08-08-2018 11:21:47;D;670
04-09-2018 01:10:20;D;493
01-03-2018 08:24:40;D;904
10-06-2018 12:45:59;D;349
26-03-2018 23:22:09;D;492
16-08-2018 15:01:08;D;287
11-06-2018 22:15:23;D;421
11-08-2018 16:00:11;D;62
03-01-2018 10:40:19;D;64
12-08-2018 02:45:21;D;299
21-12-2018 02:21:55;D;424
06-03-2018 17:51:01;D;887
06-03-2018 23:35:11;D;657
31-05-2018 03:28:05;D;727
01-11-2018 06:08:56;D;773
19-03-2018 23:53:59;D;120
26-08-2018 14:42:36;D;706
13-11-2018 18:47:17;D;431
05-01-2018 12:49:54;D;917
21-08-2018 01:40:55;D;996
23-02-2018 22:32:47;D;572
27-03-2018 14:40:30;D;581
07-11-2018 02:40:21;D;288
03-11-2018 04:31:40;D;110
14-04-2018 11:02:22;D;546
25-05-2018 09:46:07;D;998
08-04-2018 20:23:18;D;22
12-04-2018 03:07:47;D;708
29-05-2018 17:54:14;D;484
15-09-2018 01:17:44;D;886
03-11-2018 17:35:29;D;920
27-10-2018 20:36:59;D;893
19-11-2018 22:32:05;D;13
23-04-2018 19:28:40;D;101
24-07-2018 06:05:00;D;109
21-06-2018 15:47:10;D;291
25-07-2018 18:17:23;D;16
01-06-2018 12:44:08;D;689
21-03-2018 13:18:24;D;368
18-02-2018 05:45:38;D;679
30-05-2018 00:34:23;D;872
10-03-2018 11:37:48;D;34
16-06-2018 11:41:10;D;242
13-06-2018 09:19:01;D;517
19-12-2018 00:27:10;D;992
19-06-2018 07:11:31;D;531
26-06-2018 10:08:10;E;759
21-11-2018 09:41:49;E;252
17-06-2018 15:55:41;E;633
21-05-2018 02:03:26;E;270
27-01-2018 04:58:48;E;806
17-11-2018 03:26:19;E;486
07-06-2018 08:15:55;E;499
10-03-2018 10:10:22;E;581
06-12-2018 19:39:10;E;915
22-04-2018 07:32:03;E;596
15-09-2018 02:55:59;E;494
11-11-2018 10:44:53;E;734
26-06-2018 01:54:34;E;850
18-06-2018 20:05:54;E;653
12-02-2018 20:00:20;E;232
24-07-2018 21:48:36;E;288
14-09-2018 13:08:44;E;408
28-09-2018 18:40:20;E;816
31-10-2018 09:40:43;E;282
21-12-2018 23:28:22;E;378
12-11-2018 17:46:46;E;99
24-09-2018 17:49:17;E;542
15-04-2018 05:55:51;E;715
11-11-2018 19:53:30;E;856
11-08-2018 21:43:21;E;669
14-06-2018 18:53:03;E;559
01-04-2018 12:55:14;E;968
24-04-2018 11:38:39;E;490
01-10-2018 22:04:48;E;149
05-08-2018 23:56:27;E;940
07-03-2018 17:43:06;E;350
25-05-2018 04:40:14;E;232
28-04-2018 23:46:36;E;247
13-06-2018 14:53:41;E;6
21-01-2018 20:55:47;E;624
11-04-2018 10:39:39;E;919
01-03-2018 06:09:19;E;960
13-11-2018 05:17:46;E;346
25-11-2018 02:32:37;E;772
29-06-2018 13:52:17;E;133
26-03-2018 12:42:01;E;206
18-01-2018 07:57:54;E;274
18-04-2018 13:48:24;E;320
28-04-2018 15:03:22;E;852
31-07-2018 18:51:14;E;455
17-08-2018 00:50:40;E;486
03-03-2018 14:35:52;E;763
06-06-2018 12:12:50;E;686
14-08-2018 13:27:59;E;267
30-01-2018 08:43:32;E;791
04-02-2018 14:35:42;E;990
20-10-2018 03:00:39;E;432
24-04-2018 23:42:01;E;938
29-03-2018 06:09:14;E;266
08-08-2018 11:21:47;E;662
04-09-2018 01:10:20;E;468
01-03-2018 08:24:40;E;851
10-06-2018 12:45:59;E;431
26-03-2018 23:22:09;E;131
16-08-2018 15:01:08;E;351
11-06-2018 22:15:23;E;325
11-08-2018 16:00:11;E;459
03-01-2018 10:40:19;E;912
12-08-2018 02:45:21;E;891
21-12-2018 02:21:55;E;1000
06-03-2018 17:51:01;E;786
06-03-2018 23:35:11;E;142
31-05-2018 03:28:05;E;733
01-11-2018 06:08:56;E;577
19-03-2018 23:53:59;E;553
26-08-2018 14:42:36;E;133
13-11-2018 18:47:17;E;827
05-01-2018 12:49:54;E;983
21-08-2018 01:40:55;E;159
23-02-2018 22:32:47;E;818
27-03-2018 14:40:30;E;815
07-11-2018 02:40:21;E;935
03-11-2018 04:31:40;E;394
14-04-2018 11:02:22;E;457
25-05-2018 09:46:07;E;172
08-04-2018 20:23:18;E;228
12-04-2018 03:07:47;E;858
29-05-2018 17:54:14;E;721
15-09-2018 01:17:44;E;640
03-11-2018 17:35:29;E;496
27-10-2018 20:36:59;E;955
19-11-2018 22:32:05;E;840
23-04-2018 19:28:40;E;376
24-07-2018 06:05:00;E;40
21-06-2018 15:47:10;E;529
25-07-2018 18:17:23;E;446
01-06-2018 12:44:08;E;570
21-03-2018 13:18:24;E;529
18-02-2018 05:45:38;E;444
30-05-2018 00:34:23;E;56
10-03-2018 11:37:48;E;990
16-06-2018 11:41:10;E;396
13-06-2018 09:19:01;E;167
19-12-2018 00:27:10;E;400
19-06-2018 07:11:31;E;512
26-06-2018 10:08:10;F;780
21-11-2018 09:41:49;F;832
17-06-2018 15:55:41;F;87
21-05-2018 02:03:26;F;807
27-01-2018 04:58:48;F;476
17-11-2018 03:26:19;F;656
07-06-2018 08:15:55;F;704
10-03-2018 10:10:22;F;584
06-12-2018 19:39:10;F;490
22-04-2018 07:32:03;F;723
15-09-2018 02:55:59;F;973
11-11-2018 10:44:53;F;443
26-06-2018 01:54:34;F;584
18-06-2018 20:05:54;F;565
12-02-2018 20:00:20;F;665
24-07-2018 21:48:36;F;15
14-09-2018 13:08:44;F;780
28-09-2018 18:40:20;F;858
31-10-2018 09:40:43;F;240
21-12-2018 23:28:22;F;295
12-11-2018 17:46:46;F;924
24-09-2018 17:49:17;F;508
15-04-2018 05:55:51;F;332
11-11-2018 19:53:30;F;742
11-08-2018 21:43:21;F;79
14-06-2018 18:53:03;F;74
01-04-2018 12:55:14;F;431
24-04-2018 11:38:39;F;330
01-10-2018 22:04:48;F;121
05-08-2018 23:56:27;F;908
07-03-2018 17:43:06;F;909
25-05-2018 04:40:14;F;196
28-04-2018 23:46:36;F;449
13-06-2018 14:53:41;F;696
21-01-2018 20:55:47;F;128
11-04-2018 10:39:39;F;382
01-03-2018 06:09:19;F;752
13-11-2018 05:17:46;F;299
25-11-2018 02:32:37;F;860
29-06-2018 13:52:17;F;829
26-03-2018 12:42:01;F;327
18-01-2018 07:57:54;F;504
18-04-2018 13:48:24;F;680
28-04-2018 15:03:22;F;190
31-07-2018 18:51:14;F;139
24-04-2018 11:38:39;F;374
17-08-2018 00:50:40;F;957
03-03-2018 14:35:52;F;964
06-06-2018 12:12:50;F;50
14-08-2018 13:27:59;F;776
30-01-2018 08:43:32;F;684
04-02-2018 14:35:42;F;345
20-10-2018 03:00:39;F;53
24-04-2018 23:42:01;F;11
29-03-2018 06:09:14;F;622
08-08-2018 11:21:47;F;424
04-09-2018 01:10:20;F;238
01-03-2018 08:24:40;F;691
10-06-2018 12:45:59;F;369
26-03-2018 23:22:09;F;732
16-08-2018 15:01:08;F;37
11-06-2018 22:15:23;F;313
11-08-2018 16:00:11;F;904
03-01-2018 10:40:19;F;133
12-08-2018 02:45:21;F;978
21-12-2018 02:21:55;F;402
06-03-2018 17:51:01;F;658
06-03-2018 23:35:11;F;210
31-05-2018 03:28:05;F;44
01-11-2018 06:08:56;F;976
19-03-2018 23:53:59;F;600
26-08-2018 14:42:36;F;778
13-11-2018 18:47:17;F;416
05-01-2018 12:49:54;F;910
21-08-2018 01:40:55;F;500
23-02-2018 22:32:47;F;424
27-03-2018 14:40:30;F;808
07-11-2018 02:40:21;F;74
03-11-2018 04:31:40;F;792
14-04-2018 11:02:22;F;14
25-05-2018 09:46:07;F;6
08-04-2018 20:23:18;F;485
12-04-2018 03:07:47;F;608
29-05-2018 17:54:14;F;665
15-09-2018 01:17:44;F;990
03-11-2018 17:35:29;F;647
19-11-2018 22:32:05;F;954
23-04-2018 19:28:40;F;165
24-07-2018 06:05:00;F;561
21-06-2018 15:47:10;F;934
25-07-2018 18:17:23;F;106
01-06-2018 12:44:08;F;26
21-03-2018 13:18:24;F;796
18-02-2018 05:45:38;F;411
30-05-2018 00:34:23;F;131
10-03-2018 11:37:48;F;536
16-06-2018 11:41:10;F;826
13-06-2018 09:19:01;F;613
19-12-2018 00:27:10;F;193
19-06-2018 07:11:31;F;976
26-06-2018 10:08:10;G;130
21-11-2018 09:41:49;G;501
17-06-2018 15:55:41;G;68
21-05-2018 02:03:26;G;759
27-01-2018 04:58:48;G;133
17-11-2018 03:26:19;G;865
07-06-2018 08:15:55;G;55
10-03-2018 10:10:22;G;721
06-12-2018 19:39:10;G;606
22-04-2018 07:32:03;G;353
15-09-2018 02:55:59;G;278
11-11-2018 10:44:53;G;683
26-06-2018 01:54:34;G;214
18-06-2018 20:05:54;G;777
12-02-2018 20:00:20;G;274
24-07-2018 21:48:36;G;638
14-09-2018 13:08:44;G;409
28-09-2018 18:40:20;G;246
31-10-2018 09:40:43;G;825
21-12-2018 23:28:22;G;469
12-11-2018 17:46:46;G;307
24-09-2018 17:49:17;G;901
15-04-2018 05:55:51;G;736
11-11-2018 19:53:30;G;119
11-08-2018 21:43:21;G;631
14-06-2018 18:53:03;G;283
01-04-2018 12:55:14;G;584
24-04-2018 11:38:39;G;778
01-10-2018 22:04:48;G;386
05-08-2018 23:56:27;G;779
07-03-2018 17:43:06;G;833
25-05-2018 04:40:14;G;832
28-04-2018 23:46:36;G;710
13-06-2018 14:53:41;G;81
21-01-2018 20:55:47;G;331
11-04-2018 10:39:39;G;725
01-03-2018 06:09:19;G;371
13-11-2018 05:17:46;G;658
25-11-2018 02:32:37;G;669
29-06-2018 13:52:17;G;673
26-03-2018 12:42:01;G;791
18-01-2018 07:57:54;G;487
18-04-2018 13:48:24;G;516
28-04-2018 15:03:22;G;499
31-07-2018 18:51:14;G;909
17-08-2018 00:50:40;G;436
03-03-2018 14:35:52;G;651
06-06-2018 12:12:50;G;573
14-08-2018 13:27:59;G;705
30-01-2018 08:43:32;G;352
04-02-2018 14:35:42;G;347
20-10-2018 03:00:39;G;94
24-04-2018 23:42:01;G;720
29-03-2018 06:09:14;G;373
08-08-2018 11:21:47;G;316
04-09-2018 01:10:20;G;222
01-03-2018 08:24:40;G;665
10-06-2018 12:45:59;G;399
26-03-2018 23:22:09;G;289
16-08-2018 15:01:08;G;459
11-06-2018 22:15:23;G;189
11-08-2018 16:00:11;G;728
03-01-2018 10:40:19;G;60
12-08-2018 02:45:21;G;706
21-12-2018 02:21:55;G;569
06-03-2018 17:51:01;G;420
06-03-2018 23:35:11;G;408
31-05-2018 03:28:05;G;260
01-11-2018 06:08:56;G;681
19-03-2018 23:53:59;G;428
26-08-2018 14:42:36;G;861
13-11-2018 18:47:17;G;465
05-01-2018 12:49:54;G;811
21-08-2018 01:40:55;G;944
23-02-2018 22:32:47;G;750
27-03-2018 14:40:30;G;730
07-11-2018 02:40:21;G;841
03-11-2018 04:31:40;G;630
14-04-2018 11:02:22;G;581
25-05-2018 09:46:07;G;867
08-04-2018 20:23:18;G;458
12-04-2018 03:07:47;G;651
29-05-2018 17:54:14;G;350
15-09-2018 01:17:44;G;902
03-11-2018 17:35:29;G;567
27-10-2018 20:36:59;G;371
19-11-2018 22:32:05;G;908
23-04-2018 19:28:40;G;934
24-07-2018 06:05:00;G;866
21-06-2018 15:47:10;G;736
25-07-2018 18:17:23;G;117
01-06-2018 12:44:08;G;488
21-03-2018 13:18:24;G;798
18-02-2018 05:45:38;G;365
30-05-2018 00:34:23;G;424
10-03-2018 11:37:48;G;122
16-06-2018 11:41:10;G;357
13-06-2018 09:19:01;G;853
19-12-2018 00:27:10;G;897
19-06-2018 07:11:31;G;889
26-06-2018 10:08:10;H;192
21-11-2018 09:41:49;H;33
17-06-2018 15:55:41;H;61
21-05-2018 02:03:26;H;412
27-01-2018 04:58:48;H;940
17-11-2018 03:26:19;H;544
07-06-2018 08:15:55;H;196
10-03-2018 10:10:22;H;582
06-12-2018 19:39:10;H;909
22-04-2018 07:32:03;H;892
15-09-2018 02:55:59;H;288
11-11-2018 10:44:53;H;65
26-06-2018 01:54:34;H;600
18-06-2018 20:05:54;H;527
12-02-2018 20:00:20;H;499
24-07-2018 21:48:36;H;732
14-09-2018 13:08:44;H;998
28-09-2018 18:40:20;H;493
31-10-2018 09:40:43;H;212
21-12-2018 23:28:22;H;293
12-11-2018 17:46:46;H;962
24-09-2018 17:49:17;H;702
15-04-2018 05:55:51;H;283
11-11-2018 19:53:30;H;769
11-08-2018 21:43:21;H;814
14-06-2018 18:53:03;H;857
01-04-2018 12:55:14;H;411
24-04-2018 11:38:39;H;530
01-10-2018 22:04:48;H;43
05-08-2018 23:56:27;H;928
07-03-2018 17:43:06;H;375
25-05-2018 04:40:14;H;923
28-04-2018 23:46:36;H;278
13-06-2018 14:53:41;H;140
21-01-2018 20:55:47;H;657
11-04-2018 10:39:39;H;48
01-03-2018 06:09:19;H;313
13-11-2018 05:17:46;H;261
25-11-2018 02:32:37;H;619
29-06-2018 13:52:17;H;294
12-02-2018 20:00:20;H;777
26-03-2018 12:42:01;H;343
18-01-2018 07:57:54;H;137
18-04-2018 13:48:24;H;782
28-04-2018 15:03:22;H;944
31-07-2018 18:51:14;H;654
17-08-2018 00:50:40;H;418
03-03-2018 14:35:52;H;373
06-06-2018 12:12:50;H;665
14-08-2018 13:27:59;H;911
30-01-2018 08:43:32;H;939
04-02-2018 14:35:42;H;56
20-10-2018 03:00:39;H;716
24-04-2018 23:42:01;H;946
29-03-2018 06:09:14;H;791
08-08-2018 11:21:47;H;298
04-09-2018 01:10:20;H;820
01-03-2018 08:24:40;H;734
10-06-2018 12:45:59;H;707
26-03-2018 23:22:09;H;510
16-08-2018 15:01:08;H;295
11-06-2018 22:15:23;H;165
11-08-2018 16:00:11;H;2
03-01-2018 10:40:19;H;429
12-08-2018 02:45:21;H;167
21-12-2018 02:21:55;H;186
06-03-2018 17:51:01;H;660
06-03-2018 23:35:11;H;971
31-05-2018 03:28:05;H;372
01-11-2018 06:08:56;H;666
19-03-2018 23:53:59;H;70
26-08-2018 14:42:36;H;28
13-11-2018 18:47:17;H;234
05-01-2018 12:49:54;H;754
21-08-2018 01:40:55;H;404
23-02-2018 22:32:47;H;44
27-03-2018 14:40:30;H;399
07-11-2018 02:40:21;H;505
03-11-2018 04:31:40;H;229
14-04-2018 11:02:22;H;822
25-05-2018 09:46:07;H;824
08-04-2018 20:23:18;H;90
12-04-2018 03:07:47;H;490
29-05-2018 17:54:14;H;763
15-09-2018 01:17:44;H;542
03-11-2018 17:35:29;H;647
27-10-2018 20:36:59;H;57
19-11-2018 22:32:05;H;99
23-04-2018 19:28:40;H;182
24-07-2018 06:05:00;H;674
21-06-2018 15:47:10;H;797
25-07-2018 18:17:23;H;507
01-06-2018 12:44:08;H;478
21-03-2018 13:18:24;H;93
18-02-2018 05:45:38;H;585
30-05-2018 00:34:23;H;823
10-03-2018 11:37:48;H;934
16-06-2018 11:41:10;H;792
13-06-2018 09:19:01;H;410
19-12-2018 00:27:10;H;554
19-06-2018 07:11:31;H;654
26-06-2018 10:08:10;I;432
21-11-2018 09:41:49;I;465
17-06-2018 15:55:41;I;661
21-05-2018 02:03:26;I;369
27-01-2018 04:58:48;I;761
17-11-2018 03:26:19;I;2
07-06-2018 08:15:55;I;224
10-03-2018 10:10:22;I;273
06-12-2018 19:39:10;I;580
22-04-2018 07:32:03;I;315
15-09-2018 02:55:59;I;940
11-11-2018 10:44:53;I;305
26-06-2018 01:54:34;I;535
18-06-2018 20:05:54;I;367
12-02-2018 20:00:20;I;809
24-07-2018 21:48:36;I;854
14-09-2018 13:08:44;I;708
28-09-2018 18:40:20;I;371
31-10-2018 09:40:43;I;610
21-12-2018 23:28:22;I;498
12-11-2018 17:46:46;I;374
24-09-2018 17:49:17;I;212
15-04-2018 05:55:51;I;453
11-11-2018 19:53:30;I;976
11-08-2018 21:43:21;I;725
14-06-2018 18:53:03;I;570
01-04-2018 12:55:14;I;813
24-04-2018 11:38:39;I;949
01-10-2018 22:04:48;I;120
05-08-2018 23:56:27;I;231
07-03-2018 17:43:06;I;577
25-05-2018 04:40:14;I;332
28-04-2018 23:46:36;I;725
13-06-2018 14:53:41;I;907
21-01-2018 20:55:47;I;830
11-04-2018 10:39:39;I;533
01-03-2018 06:09:19;I;652
13-11-2018 05:17:46;I;759
25-11-2018 02:32:37;I;259
29-06-2018 13:52:17;I;847
26-03-2018 12:42:01;I;440
18-01-2018 07:57:54;I;771
18-04-2018 13:48:24;I;834
28-04-2018 15:03:22;I;794
31-07-2018 18:51:14;I;459
17-08-2018 00:50:40;I;360
03-03-2018 14:35:52;I;315
06-06-2018 12:12:50;I;350
14-08-2018 13:27:59;I;180
30-01-2018 08:43:32;I;163
04-02-2018 14:35:42;I;343
20-10-2018 03:00:39;I;995
24-04-2018 23:42:01;I;1000
29-03-2018 06:09:14;I;840
08-08-2018 11:21:47;I;339
04-09-2018 01:10:20;I;677
01-03-2018 08:24:40;I;721
10-06-2018 12:45:59;I;989
26-03-2018 23:22:09;I;895
16-08-2018 15:01:08;I;501
11-06-2018 22:15:23;I;109
11-08-2018 16:00:11;I;188
03-01-2018 10:40:19;I;529
12-08-2018 02:45:21;I;921
21-12-2018 02:21:55;I;139
06-03-2018 17:51:01;I;162
06-03-2018 23:35:11;I;985
31-05-2018 03:28:05;I;302
01-11-2018 06:08:56;I;1
19-03-2018 23:53:59;I;662
26-08-2018 14:42:36;I;509
13-11-2018 18:47:17;I;30
05-01-2018 12:49:54;I;623
21-08-2018 01:40:55;I;563
23-02-2018 22:32:47;I;120
27-03-2018 14:40:30;I;692
07-11-2018 02:40:21;I;816
03-11-2018 04:31:40;I;309
14-04-2018 11:02:22;I;555
25-05-2018 09:46:07;I;417
08-04-2018 20:23:18;I;197
12-04-2018 03:07:47;I;135
29-05-2018 17:54:14;I;890
15-09-2018 01:17:44;I;508
03-11-2018 17:35:29;I;286
27-10-2018 20:36:59;I;467
19-11-2018 22:32:05;I;35
23-04-2018 19:28:40;I;270
24-07-2018 06:05:00;I;711
21-06-2018 15:47:10;I;869
25-07-2018 18:17:23;I;930
01-06-2018 12:44:08;I;778
21-03-2018 13:18:24;I;17
18-02-2018 05:45:38;I;378
30-05-2018 00:34:23;I;474
10-03-2018 11:37:48;I;321
16-06-2018 11:41:10;I;824
13-06-2018 09:19:01;I;190
19-12-2018 00:27:10;I;189
19-06-2018 07:11:31;I;257
26-06-2018 10:08:10;J;557
21-11-2018 09:41:49;J;675
17-06-2018 15:55:41;J;299
21-05-2018 02:03:26;J;162
27-01-2018 04:58:48;J;825
17-11-2018 03:26:19;J;388
07-06-2018 08:15:55;J;416
10-03-2018 10:10:22;J;473
06-12-2018 19:39:10;J;797
22-04-2018 07:32:03;J;74
15-09-2018 02:55:59;J;552
11-11-2018 10:44:53;J;123
26-06-2018 01:54:34;J;274
18-06-2018 20:05:54;J;907
12-02-2018 20:00:20;J;133
24-07-2018 21:48:36;J;47
14-09-2018 13:08:44;J;488
28-09-2018 18:40:20;J;343
31-10-2018 09:40:43;J;39
21-12-2018 23:28:22;J;25
12-11-2018 17:46:46;J;965
24-09-2018 17:49:17;J;14
15-04-2018 05:55:51;J;9
11-11-2018 19:53:30;J;974
11-08-2018 21:43:21;J;462
14-06-2018 18:53:03;J;903
01-04-2018 12:55:14;J;84
24-04-2018 11:38:39;J;206
01-10-2018 22:04:48;J;524
05-08-2018 23:56:27;J;629
07-03-2018 17:43:06;J;948
25-05-2018 04:40:14;J;23
28-04-2018 23:46:36;J;924
13-06-2018 14:53:41;J;438
21-01-2018 20:55:47;J;224
11-04-2018 10:39:39;J;117
01-03-2018 06:09:19;J;641
13-11-2018 05:17:46;J;55
25-11-2018 02:32:37;J;489
29-06-2018 13:52:17;J;791
26-03-2018 12:42:01;J;680
18-01-2018 07:57:54;J;477
18-04-2018 13:48:24;J;223
28-04-2018 15:03:22;J;305
31-07-2018 18:51:14;J;157
17-08-2018 00:50:40;J;932
03-03-2018 14:35:52;J;590
06-06-2018 12:12:50;J;443
14-08-2018 13:27:59;J;531
30-01-2018 08:43:32;J;8
04-02-2018 14:35:42;J;391
20-10-2018 03:00:39;J;884
24-04-2018 23:42:01;J;194
29-03-2018 06:09:14;J;336
08-08-2018 11:21:47;J;83
04-09-2018 01:10:20;J;212
01-03-2018 08:24:40;J;695
10-06-2018 12:45:59;J;673
26-03-2018 23:22:09;J;379
16-08-2018 15:01:08;J;299
11-06-2018 22:15:23;J;287
11-08-2018 16:00:11;J;645
03-01-2018 10:40:19;J;143
12-08-2018 02:45:21;J;8
21-12-2018 02:21:55;J;301
06-03-2018 17:51:01;J;26
06-03-2018 23:35:11;J;443
31-05-2018 03:28:05;J;542
01-11-2018 06:08:56;J;958
26-08-2018 14:42:36;J;648
13-11-2018 18:47:17;J;172
05-01-2018 12:49:54;J;451
21-08-2018 01:40:55;J;198
23-02-2018 22:32:47;J;306
27-03-2018 14:40:30;J;746
07-11-2018 02:40:21;J;359
03-11-2018 04:31:40;J;124
14-04-2018 11:02:22;J;478
25-05-2018 09:46:07;J;688
08-04-2018 20:23:18;J;248
12-04-2018 03:07:47;J;192
29-05-2018 17:54:14;J;871
15-09-2018 01:17:44;J;690
03-11-2018 17:35:29;J;810
27-10-2018 20:36:59;J;873
19-11-2018 22:32:05;J;566
23-04-2018 19:28:40;J;800
24-07-2018 06:05:00;J;287
21-06-2018 15:47:10;J;379
25-07-2018 18:17:23;J;861
01-06-2018 12:44:08;J;474
21-03-2018 13:18:24;J;594
18-02-2018 05:45:38;J;712
30-05-2018 00:34:23;J;492
10-03-2018 11:37:48;J;747
16-06-2018 11:41:10;J;771
13-06-2018 09:19:01;J;386
19-12-2018 00:27:10;J;661
19-06-2018 07:11:31;J;884
